{"11":{"name":"北京市","city":{"00":{"name":"北京市","district":{"00":"北京市"}},"01":{"name":"市辖区","district":{"11":"房山区","12":"通州区","13":"顺义区","14":"昌平区","15":"大兴区","16":"怀柔区","17":"平谷区","00":"市辖区","01":"东城区","02":"西城区","03":"崇文区","04":"宣武区","05":"朝阳区","06":"丰台区","07":"石景山区","08":"海淀区","09":"门头沟区"}},"02":{"name":"市辖县","district":{"28":"密云县","29":"延庆县","00":"市辖县"}}}},"12":{"name":"天津市","city":{"00":{"name":"天津市","district":{"00":"天津市"}},"01":{"name":"市辖区","district":{"10":"东丽区","11":"西青区","12":"津南区","13":"北辰区","14":"武清区","15":"宝坻区","00":"市辖区","01":"和平区","02":"河东区","03":"河西区","04":"南开区","05":"河北区","06":"红桥区","07":"塘沽区","08":"汉沽区","09":"大港区"}},"02":{"name":"市辖县","district":{"21":"宁河县","23":"静海县","25":"蓟县","00":"市辖县"}}}},"13":{"name":"河北省","city":{"10":{"name":"廊坊市","district":{"22":"固安县","23":"永清县","24":"香河县","25":"大城县","26":"文安县","28":"大厂回族自治县","81":"霸州市","82":"三河市","00":"廊坊市","01":"市辖区","02":"安次区","03":"广阳区"}},"11":{"name":"衡水市","district":{"21":"枣强县","22":"武邑县","23":"武强县","24":"饶阳县","25":"安平县","26":"故城县","27":"景县","28":"阜城县","81":"冀州市","82":"深州市","00":"衡水市","01":"市辖区","02":"桃城区"}},"00":{"name":"河北省","district":{"00":"河北省"}},"01":{"name":"石家庄市","district":{"21":"井陉县","23":"正定县","24":"栾城县","25":"行唐县","26":"灵寿县","27":"高邑县","28":"深泽县","29":"赞皇县","30":"无极县","31":"平山县","32":"元氏县","33":"赵县","81":"辛集市","82":"藁城市","83":"晋州市","84":"新乐市","85":"鹿泉市","00":"石家庄市","01":"市辖区","02":"长安区","03":"桥东区","04":"桥西区","05":"新华区","07":"井陉矿区","08":"裕华区"}},"02":{"name":"唐山市","district":{"23":"滦县","24":"滦南县","25":"乐亭县","27":"迁西县","29":"玉田县","30":"唐海县","81":"遵化市","83":"迁安市","00":"唐山市","01":"市辖区","02":"路南区","03":"路北区","04":"古冶区","05":"开平区","07":"丰南区","08":"丰润区"}},"03":{"name":"秦皇岛市","district":{"21":"青龙满族自治县","22":"昌黎县","23":"抚宁县","24":"卢龙县","00":"秦皇岛市","01":"市辖区","02":"海港区","03":"山海关区","04":"北戴河区"}},"04":{"name":"邯郸市","district":{"21":"邯郸县","23":"临漳县","24":"成安县","25":"大名县","26":"涉县","27":"磁县","28":"肥乡县","29":"永年县","30":"邱县","31":"鸡泽县","32":"广平县","33":"馆陶县","34":"魏县","35":"曲周县","81":"武安市","00":"邯郸市","01":"市辖区","02":"邯山区","03":"丛台区","04":"复兴区","06":"峰峰矿区"}},"05":{"name":"邢台市","district":{"21":"邢台县","22":"临城县","23":"内丘县","24":"柏乡县","25":"隆尧县","26":"任县","27":"南和县","28":"宁晋县","29":"巨鹿县","30":"新河县","31":"广宗县","32":"平乡县","33":"威县","34":"清河县","35":"临西县","81":"南宫市","82":"沙河市","00":"邢台市","01":"市辖区","02":"桥东区","03":"桥西区"}},"06":{"name":"保定市","district":{"21":"满城县","22":"清苑县","23":"涞水县","24":"阜平县","25":"徐水县","26":"定兴县","27":"唐县","28":"高阳县","29":"容城县","30":"涞源县","31":"望都县","32":"安新县","34":"曲阳县","35":"蠡县","36":"顺平县","37":"博野县","38":"雄县","81":"涿州市","82":"定州市","83":"安国市","84":"高碑店市","00":"保定市","01":"市辖区","02":"新市区","03":"北市区","04":"南市区"}},"07":{"name":"张家口市","district":{"21":"宣化县","22":"张北县","23":"康保县","24":"沽源县","25":"尚义县","26":"蔚县","27":"阳原县","28":"怀安县","29":"万全县","30":"怀来县","31":"涿鹿县","32":"赤城县","33":"崇礼县","00":"张家口市","01":"市辖区","02":"桥东区","03":"桥西区","05":"宣化区","06":"下花园区"}},"08":{"name":"承德市","district":{"21":"承德县","22":"兴隆县","23":"平泉县","24":"滦平县","25":"隆化县","26":"丰宁满族自治县","27":"宽城满族自治县","28":"围场满族蒙古族自治县","00":"承德市","01":"市辖区","02":"双桥区","03":"双滦区","04":"鹰手营子矿区"}},"09":{"name":"沧州市","district":{"21":"沧县","22":"青县","23":"东光县","24":"海兴县","25":"盐山县","26":"肃宁县","27":"南皮县","28":"吴桥县","29":"献县","30":"孟村回族自治县","81":"泊头市","82":"任丘市","83":"黄骅市","84":"河间市","00":"沧州市","01":"市辖区","02":"新华区","03":"运河区"}}}},"14":{"name":"山西省","city":{"10":{"name":"临汾市","district":{"21":"曲沃县","22":"翼城县","23":"襄汾县","24":"洪洞县","25":"古县","26":"安泽县","27":"浮山县","28":"吉县","29":"乡宁县","30":"大宁县","31":"隰县","32":"永和县","33":"蒲县","34":"汾西县","81":"侯马市","82":"霍州市","00":"临汾市","01":"市辖区","02":"尧都区"}},"11":{"name":"吕梁市","district":{"21":"文水县","22":"交城县","23":"兴县","24":"临县","25":"柳林县","26":"石楼县","27":"岚县","28":"方山县","29":"中阳县","30":"交口县","81":"孝义市","82":"汾阳市","00":"吕梁市","01":"市辖区","02":"离石区"}},"00":{"name":"山西省","district":{"00":"山西省"}},"01":{"name":"太原市","district":{"10":"晋源区","21":"清徐县","22":"阳曲县","23":"娄烦县","81":"古交市","00":"太原市","01":"市辖区","05":"小店区","06":"迎泽区","07":"杏花岭区","08":"尖草坪区","09":"万柏林区"}},"02":{"name":"大同市","district":{"11":"南郊区","12":"新荣区","21":"阳高县","22":"天镇县","23":"广灵县","24":"灵丘县","25":"浑源县","26":"左云县","27":"大同县","00":"大同市","01":"市辖区","02":"城区","03":"矿区"}},"03":{"name":"阳泉市","district":{"11":"郊区","21":"平定县","22":"盂县","00":"阳泉市","01":"市辖区","02":"城区","03":"矿区"}},"04":{"name":"长治市","district":{"11":"郊区","21":"长治县","23":"襄垣县","24":"屯留县","25":"平顺县","26":"黎城县","27":"壶关县","28":"长子县","29":"武乡县","30":"沁县","31":"沁源县","81":"潞城市","00":"长治市","01":"市辖区","02":"城区"}},"05":{"name":"晋城市","district":{"21":"沁水县","22":"阳城县","24":"陵川县","25":"泽州县","81":"高平市","00":"晋城市","01":"市辖区","02":"城区"}},"06":{"name":"朔州市","district":{"21":"山阴县","22":"应县","23":"右玉县","24":"怀仁县","00":"朔州市","01":"市辖区","02":"朔城区","03":"平鲁区"}},"07":{"name":"晋中市","district":{"21":"榆社县","22":"左权县","23":"和顺县","24":"昔阳县","25":"寿阳县","26":"太谷县","27":"祁县","28":"平遥县","29":"灵石县","81":"介休市","00":"晋中市","01":"市辖区","02":"榆次区"}},"08":{"name":"运城市","district":{"21":"临猗县","22":"万荣县","23":"闻喜县","24":"稷山县","25":"新绛县","26":"绛县","27":"垣曲县","28":"夏县","29":"平陆县","30":"芮城县","81":"永济市","82":"河津市","00":"运城市","01":"市辖区","02":"盐湖区"}},"09":{"name":"忻州市","district":{"21":"定襄县","22":"五台县","23":"代县","24":"繁峙县","25":"宁武县","26":"静乐县","27":"神池县","28":"五寨县","29":"岢岚县","30":"河曲县","31":"保德县","32":"偏关县","81":"原平市","00":"忻州市","01":"市辖区","02":"忻府区"}}}},"15":{"name":"内蒙古自治区","city":{"22":{"name":"兴安盟","district":{"21":"科尔沁右翼前旗","22":"科尔沁右翼中旗","23":"扎赉特旗","24":"突泉县","00":"兴安盟","01":"乌兰浩特市","02":"阿尔山市"}},"25":{"name":"锡林郭勒盟","district":{"22":"阿巴嘎旗","23":"苏尼特左旗","24":"苏尼特右旗","25":"东乌珠穆沁旗","26":"西乌珠穆沁旗","27":"太仆寺旗","28":"镶黄旗","29":"正镶白旗","30":"正蓝旗","31":"多伦县","00":"锡林郭勒盟","01":"二连浩特市","02":"锡林浩特市"}},"26":{"name":"乌兰察布盟","district":{"00":"乌兰察布盟"}},"29":{"name":"阿拉善盟","district":{"21":"阿拉善左旗","22":"阿拉善右旗","23":"额济纳旗","00":"阿拉善盟"}},"00":{"name":"内蒙古自治区","district":{"00":"内蒙古自治区"}},"01":{"name":"呼和浩特市","district":{"21":"土默特左旗","22":"托克托县","23":"和林格尔县","24":"清水河县","25":"武川县","00":"呼和浩特市","01":"市辖区","02":"新城区","03":"回民区","04":"玉泉区","05":"赛罕区"}},"02":{"name":"包头市","district":{"21":"土默特右旗合旗","22":"固阳县","23":"达尔罕茂明安联","00":"包头市","01":"市辖区","02":"东河区","03":"昆都仑区","04":"青山区","05":"石拐区","06":"白云矿区","07":"九原区"}},"03":{"name":"乌海市","district":{"00":"乌海市","01":"市辖区","02":"海勃湾区","03":"海南区","04":"乌达区"}},"04":{"name":"赤峰市","district":{"21":"阿鲁科尔沁旗","22":"巴林左旗","23":"巴林右旗","24":"林西县","25":"克什克腾旗","26":"翁牛特旗","28":"喀喇沁旗","29":"宁城县","30":"敖汉旗","00":"赤峰市","01":"市辖区","02":"红山区","03":"元宝山区","04":"松山区"}},"05":{"name":"通辽市","district":{"21":"科尔沁左翼中旗","22":"科尔沁左翼后旗","23":"开鲁县","24":"库伦旗","25":"奈曼旗","26":"扎鲁特旗","81":"霍林郭勒市","00":"通辽市","01":"市辖区","02":"科尔沁区"}},"06":{"name":"鄂尔多斯市","district":{"21":"达拉特旗","22":"准格尔旗","23":"鄂托克前旗","24":"鄂托克旗","25":"杭锦旗","26":"乌审旗","27":"伊金霍洛旗","00":"鄂尔多斯市","02":"东胜区"}},"07":{"name":"呼伦贝尔市","district":{"21":"阿荣旗","22":"莫力达瓦达斡尔","23":"鄂伦春自治旗","24":"鄂温克族自治旗","25":"陈巴尔虎旗","26":"新巴尔虎左旗","27":"新巴尔虎右旗","81":"满洲里市","82":"牙克石市","83":"扎兰屯市","84":"额尔古纳市","85":"根河市","00":"呼伦贝尔市","01":"市辖区","02":"海拉尔区族自治旗"}},"08":{"name":"巴彦淖尔市","district":{"21":"五原县","22":"磴口县","23":"乌拉特前旗","24":"乌拉特中旗","25":"乌拉特后旗","26":"杭锦后旗","00":"巴彦淖尔市","01":"市辖区","02":"临河区"}},"09":{"name":"乌兰察布市","district":{"21":"卓资县","22":"化德县","23":"商都县","24":"兴和县","25":"凉城县","26":"察哈尔右翼前","27":"察哈尔右翼中旗","28":"察哈尔右翼后","29":"四子王旗","81":"丰镇市","00":"乌兰察布市","01":"市辖区","02":"集宁区"}}}},"21":{"name":"辽宁省","city":{"10":{"name":"辽阳市","district":{"11":"太子河区","21":"辽阳县","81":"灯塔市","00":"辽阳市","01":"市辖区","02":"白塔区","03":"文圣区","04":"宏伟区","05":"弓长岭区"}},"11":{"name":"盘锦市","district":{"21":"大洼县","22":"盘山县","00":"盘锦市","01":"市辖区","02":"双台子区","03":"兴隆台区"}},"12":{"name":"铁岭市","district":{"21":"铁岭县","23":"西丰县","24":"昌图县","81":"调兵山市","82":"开原市","00":"铁岭市","01":"市辖区","02":"银州区","04":"清河区"}},"13":{"name":"朝阳市","district":{"21":"朝阳县","22":"建平县","24":"喀喇沁左翼蒙古族自治县","81":"北票市","82":"凌源市","00":"朝阳市","01":"市辖区","02":"双塔区","03":"龙城区"}},"14":{"name":"葫芦岛市","district":{"21":"绥中县","22":"建昌县","81":"兴城市","00":"葫芦岛市","01":"市辖区","02":"连山区","03":"龙港区","04":"南票区"}},"00":{"name":"辽宁省","district":{"00":"辽宁省"}},"01":{"name":"沈阳市","district":{"11":"苏家屯区","12":"东陵区","13":"新城子区","14":"于洪区","22":"辽中县","23":"康平县","24":"法库县","81":"新民市","00":"沈阳市","01":"市辖区","02":"和平区","03":"沈河区","04":"大东区","05":"皇姑区","06":"铁西区"}},"02":{"name":"大连市","district":{"11":"甘井子区","12":"旅顺口区","13":"金州区","24":"长海县","81":"瓦房店市","82":"普兰店市","83":"庄河市","00":"大连市","01":"市辖区","02":"中山区","03":"西岗区","04":"沙河口区"}},"03":{"name":"鞍山市","district":{"11":"千山区","21":"台安县","23":"岫岩满族自治县","81":"海城市","00":"鞍山市","01":"市辖区","02":"铁东区","03":"铁西区","04":"立山区"}},"04":{"name":"抚顺市","district":{"11":"顺城区","21":"抚顺县","22":"新宾满族自治县","23":"清原满族自治县","00":"抚顺市","01":"市辖区","02":"新抚区","03":"东洲区","04":"望花区"}},"05":{"name":"本溪市","district":{"21":"本溪满族自治县","22":"桓仁满族自治县","00":"本溪市","01":"市辖区","02":"平山区","03":"溪湖区","04":"明山区","05":"南芬区"}},"06":{"name":"丹东市","district":{"24":"宽甸满族自治县","81":"东港市","82":"凤城市","00":"丹东市","01":"市辖区","02":"元宝区","03":"振兴区","04":"振安区"}},"07":{"name":"锦州市","district":{"11":"太和区","26":"黑山县","27":"义县","81":"凌海市","82":"北宁市","00":"锦州市","01":"市辖区","02":"古塔区","03":"凌河区"}},"08":{"name":"营口市","district":{"11":"老边区","81":"盖州市","82":"大石桥市","00":"营口市","01":"市辖区","02":"站前区","03":"西市区","04":"鲅鱼圈区"}},"09":{"name":"阜新市","district":{"11":"细河区","21":"阜新蒙古族自治县","22":"彰武县","00":"阜新市","01":"市辖区","02":"海州区","03":"新邱区","04":"太平区","05":"清河门区"}}}},"22":{"name":"吉林省","city":{"24":{"name":"延边朝鲜族自治州","district":{"24":"汪清县","26":"安图县","00":"延边朝鲜族自治州","01":"延吉市","02":"图们市","03":"敦化市","04":"珲春市","05":"龙井市","06":"和龙市"}},"00":{"name":"吉林省","district":{"00":"吉林省"}},"01":{"name":"长春市","district":{"12":"双阳区","22":"农安县","81":"九台市","82":"榆树市","83":"德惠市","00":"长春市","01":"市辖区","02":"南关区","03":"宽城区","04":"朝阳区","05":"二道区","06":"绿园区"}},"02":{"name":"吉林市","district":{"11":"丰满区","21":"永吉县","81":"蛟河市","82":"桦甸市","83":"舒兰市","84":"磐石市","00":"吉林市","01":"市辖区","02":"昌邑区","03":"龙潭区","04":"船营区"}},"03":{"name":"四平市","district":{"22":"梨树县","23":"伊通满族自治县","81":"公主岭市","82":"双辽市","00":"四平市","01":"市辖区","02":"铁西区","03":"铁东区"}},"04":{"name":"辽源市","district":{"21":"东丰县","22":"东辽县","00":"辽源市","01":"市辖区","02":"龙山区","03":"西安区"}},"05":{"name":"通化市","district":{"21":"通化县","23":"辉南县","24":"柳河县","81":"梅河口市","82":"集安市","00":"通化市","01":"市辖区","02":"东昌区","03":"二道江区"}},"06":{"name":"白山市","district":{"21":"抚松县","22":"靖宇县","23":"长白朝鲜族自治县","25":"江源县","81":"临江市","00":"白山市","01":"市辖区","02":"八道江区"}},"07":{"name":"松原市","district":{"21":"前郭尔罗斯蒙古族自治县","22":"长岭县","23":"乾安县","24":"扶余县","00":"松原市","01":"市辖区","02":"宁江区"}},"08":{"name":"白城市","district":{"21":"镇赉县","22":"通榆县","81":"洮南市","82":"大安市","00":"白城市","01":"市辖区","02":"洮北区"}}}},"23":{"name":"黑龙江省","city":{"10":{"name":"牡丹江市","district":{"24":"东宁县","25":"林口县","81":"绥芬河市","83":"海林市","84":"宁安市","85":"穆棱市","00":"牡丹江市","01":"市辖区","02":"东安区","03":"阳明区","04":"爱民区","05":"西安区"}},"11":{"name":"黑河市","district":{"21":"嫩江县","23":"逊克县","24":"孙吴县","81":"北安市","82":"五大连池市","00":"黑河市","01":"市辖区","02":"爱辉区"}},"12":{"name":"绥化市","district":{"21":"望奎县","22":"兰西县","23":"青冈县","24":"庆安县","25":"明水县","26":"绥棱县","81":"安达市","82":"肇东市","83":"海伦市","00":"绥化市","01":"市辖区","02":"北林区"}},"27":{"name":"大兴安岭地区","district":{"21":"呼玛县","22":"塔河县","23":"漠河县","00":"大兴安岭地区"}},"00":{"name":"黑龙江省","district":{"00":"黑龙江省"}},"01":{"name":"哈尔滨市","district":{"21":"呼兰县","23":"依兰县","24":"方正县","25":"宾县","26":"巴彦县","27":"木兰县","28":"通河县","29":"延寿县","81":"阿城市","82":"双城市","83":"尚志市","84":"五常市","00":"哈尔滨市","01":"市辖区","02":"道里区","03":"南岗区","04":"道外区","05":"太平区","06":"香坊区","07":"动力区","08":"平房区"}},"02":{"name":"齐齐哈尔市","district":{"21":"龙江县","23":"依安县","24":"泰来县","25":"甘南县","27":"富裕县","29":"克山县","30":"克东县","31":"拜泉县","81":"讷河市","00":"齐齐哈尔市","01":"市辖区","02":"龙沙区","03":"建华区","04":"铁锋区","05":"昂昂溪区","06":"富拉尔基区","07":"碾子山区","08":"梅里斯达斡尔族区"}},"03":{"name":"鸡西市","district":{"21":"鸡东县","81":"虎林市","82":"密山市","00":"鸡西市","01":"市辖区","02":"鸡冠区","03":"恒山区","04":"滴道区","05":"梨树区","06":"城子河区","07":"麻山区"}},"04":{"name":"鹤岗市","district":{"21":"萝北县","22":"绥滨县","00":"鹤岗市","01":"市辖区","02":"向阳区","03":"工农区","04":"南山区","05":"兴安区","06":"东山区","07":"兴山区"}},"05":{"name":"双鸭山市","district":{"21":"集贤县","22":"友谊县","23":"宝清县","24":"饶河县","00":"双鸭山市","01":"市辖区","02":"尖山区","03":"岭东区","05":"四方台区","06":"宝山区"}},"06":{"name":"大庆市","district":{"21":"肇州县","22":"肇源县","23":"林甸县","24":"杜尔伯特蒙古族自治县","00":"大庆市","01":"市辖区","02":"萨尔图区","03":"龙凤区","04":"让胡路区","05":"红岗区","06":"大同区"}},"07":{"name":"伊春市","district":{"10":"五营区","11":"乌马河区","12":"汤旺河区","13":"带岭区","14":"乌伊岭区","15":"红星区","16":"上甘岭区","22":"嘉荫县","81":"铁力市","00":"伊春市","01":"市辖区","02":"伊春区","03":"南岔区","04":"友好区","05":"西林区","06":"翠峦区","07":"新青区","08":"美溪区","09":"金山屯区"}},"08":{"name":"佳木斯市","district":{"11":"郊区","22":"桦南县","26":"桦川县","28":"汤原县","33":"抚远县","81":"同江市","82":"富锦市","00":"佳木斯市","01":"市辖区","02":"永红区","03":"向阳区","04":"前进区","05":"东风区"}},"09":{"name":"七台河市","district":{"21":"勃利县","00":"七台河市","01":"市辖区","02":"新兴区","03":"桃山区","04":"茄子河区"}}}},"31":{"name":"上海市","city":{"00":{"name":"上海市","district":{"00":"上海市"}},"01":{"name":"市辖区","district":{"10":"杨浦区","12":"闵行区","13":"宝山区","14":"嘉定区","15":"浦东新区","16":"金山区","17":"松江区","18":"青浦区","19":"南汇区","20":"奉贤区","00":"市辖区","01":"黄浦区","03":"卢湾区","04":"徐汇区","05":"长宁区","06":"静安区","07":"普陀区","08":"闸北区","09":"虹口区"}},"02":{"name":"县","district":{"30":"崇明县","00":"县"}}}},"32":{"name":"江苏省","city":{"10":{"name":"扬州市","district":{"11":"郊区","23":"宝应县","81":"仪征市","84":"高邮市","88":"江都市","00":"扬州市","01":"市辖区","02":"广陵区","03":"邗江区"}},"11":{"name":"镇江市","district":{"11":"润州区","12":"丹徒区","81":"丹阳市","82":"扬中市","83":"句容市","00":"镇江市","01":"市辖区","02":"京口区"}},"12":{"name":"泰州市","district":{"81":"兴化市","82":"靖江市","83":"泰兴市","84":"姜堰市","00":"泰州市","01":"市辖区","02":"海陵区","03":"高港区"}},"13":{"name":"宿迁市","district":{"21":"宿豫县","22":"沭阳县","23":"泗阳县","24":"泗洪县","00":"宿迁市","01":"市辖区","02":"宿城区"}},"00":{"name":"江苏省","district":{"00":"江苏省"}},"01":{"name":"南京市","district":{"11":"浦口区","13":"栖霞区","14":"雨花台区","15":"江宁区","16":"六合区","24":"溧水县","25":"高淳县","00":"南京市","01":"市辖区","02":"玄武区","03":"白下区","04":"秦淮区","05":"建邺区","06":"鼓楼区","07":"下关区"}},"02":{"name":"无锡市","district":{"11":"滨湖区","81":"江阴市","82":"宜兴市","00":"无锡市","01":"市辖区","02":"崇安区","03":"南长区","04":"北塘区","05":"锡山区","06":"惠山区"}},"03":{"name":"徐州市","district":{"11":"泉山区","21":"丰县","22":"沛县","23":"铜山县","24":"睢宁县","81":"新沂市","82":"邳州市","00":"徐州市","01":"市辖区","02":"鼓楼区","03":"云龙区","04":"九里区","05":"贾汪区"}},"04":{"name":"常州市","district":{"11":"新北区","12":"武进区","81":"溧阳市","82":"金坛市","00":"常州市","01":"市辖区","02":"天宁区","04":"钟楼区","05":"戚墅堰区"}},"05":{"name":"苏州市","district":{"81":"常熟市","82":"张家港市","83":"昆山市","84":"吴江市","85":"太仓市","00":"苏州市","01":"市辖区","02":"沧浪区","03":"平江区","04":"金阊区","05":"虎丘区","06":"吴中区","07":"相城区"}},"06":{"name":"南通市","district":{"11":"港闸区","21":"海安县","23":"如东县","81":"启东市","82":"如皋市","83":"通州市","84":"海门市","00":"南通市","01":"市辖区","02":"崇川区"}},"07":{"name":"连云港市","district":{"21":"赣榆县","22":"东海县","23":"灌云县","24":"灌南县","00":"连云港市","01":"市辖区","03":"连云区","05":"新浦区","06":"海州区"}},"08":{"name":"淮安市","district":{"11":"清浦区","26":"涟水县","29":"洪泽县","30":"盱眙县","31":"金湖县","00":"淮安市","01":"市辖区","02":"清河区","03":"楚州区","04":"淮阴区"}},"09":{"name":"盐城市","district":{"21":"响水县","22":"滨海县","23":"阜宁县","24":"射阳县","25":"建湖县","81":"东台市","82":"大丰市","00":"盐城市","01":"市辖区","02":"亭湖区","03":"盐都区"}}}},"33":{"name":"浙江省","city":{"10":{"name":"台州市","district":{"21":"玉环县","22":"三门县","23":"天台县","24":"仙居县","81":"温岭市","82":"临海市","00":"台州市","01":"市辖区","02":"椒江区","03":"黄岩区","04":"路桥区"}},"11":{"name":"丽水市","district":{"21":"青田县","22":"缙云县","23":"遂昌县","24":"松阳县","25":"云和县","26":"庆元县","27":"景宁畲族自治县","81":"龙泉市","00":"丽水市","01":"市辖区","02":"莲都区"}},"00":{"name":"浙江省","district":{"00":"浙江省"}},"01":{"name":"杭州市","district":{"10":"余杭区","22":"桐庐县","27":"淳安县","82":"建德市","83":"富阳市","85":"临安市","00":"杭州市","01":"市辖区","02":"上城区","03":"下城区","04":"江干区","05":"拱墅区","06":"西湖区","08":"滨江区","09":"萧山区"}},"02":{"name":"宁波市","district":{"11":"镇海区","12":"鄞州区","25":"象山县","26":"宁海县","81":"余姚市","82":"慈溪市","83":"奉化市","00":"宁波市","01":"市辖区","03":"海曙区","04":"江东区","05":"江北区","06":"北仑区"}},"03":{"name":"温州市","district":{"22":"洞头县","24":"永嘉县","26":"平阳县","27":"苍南县","28":"文成县","29":"泰顺县","81":"瑞安市","82":"乐清市","00":"温州市","01":"市辖区","02":"鹿城区","03":"龙湾区","04":"瓯海区"}},"04":{"name":"嘉兴市","district":{"11":"秀洲区","21":"嘉善县","24":"海盐县","81":"海宁市","82":"平湖市","83":"桐乡市","00":"嘉兴市","01":"市辖区","02":"秀城区"}},"05":{"name":"湖州市","district":{"21":"德清县","22":"长兴县","23":"安吉县","00":"湖州市","01":"市辖区","02":"吴兴区","03":"南浔区"}},"06":{"name":"绍兴市","district":{"21":"绍兴县","24":"新昌县","81":"诸暨市","82":"上虞市","83":"嵊州市","00":"绍兴市","01":"市辖区","02":"越城区"}},"07":{"name":"金华市","district":{"23":"武义县","26":"浦江县","27":"磐安县","81":"兰溪市","82":"义乌市","83":"东阳市","84":"永康市","00":"金华市","01":"市辖区","02":"婺城区","03":"金东区"}},"08":{"name":"衢州市","district":{"22":"常山县","24":"开化县","25":"龙游县","81":"江山市","00":"衢州市","01":"市辖区","02":"柯城区","03":"衢江区"}},"09":{"name":"舟山市","district":{"21":"岱山县","22":"嵊泗县","00":"舟山市","01":"市辖区","02":"定海区","03":"普陀区"}}}},"34":{"name":"安徽省","city":{"10":{"name":"黄山市","district":{"21":"歙县","22":"休宁县","23":"黟县","24":"祁门县","00":"黄山市","01":"市辖区","02":"屯溪区","03":"黄山区","04":"徽州区"}},"11":{"name":"滁州市","district":{"22":"来安县","24":"全椒县","25":"定远县","26":"凤阳县","81":"天长市","82":"明光市","00":"滁州市","01":"市辖区","02":"琅琊区","03":"南谯区"}},"12":{"name":"阜阳市","district":{"21":"临泉县","22":"太和县","25":"阜南县","26":"颍上县","82":"界首市","00":"阜阳市","01":"市辖区","02":"颍州区","03":"颍东区","04":"颍泉区"}},"13":{"name":"宿州市","district":{"21":"砀山县","22":"萧县","23":"灵璧县","24":"泗县","00":"宿州市","01":"市辖区","02":"墉桥区"}},"14":{"name":"巢湖市","district":{"21":"庐江县","22":"无为县","23":"含山县","24":"和县","00":"巢湖市","01":"市辖区","02":"居巢区"}},"15":{"name":"六安市","district":{"21":"寿县","22":"霍邱县","23":"舒城县","24":"金寨县","25":"霍山县","00":"六安市","01":"市辖区","02":"金安区","03":"裕安区"}},"16":{"name":"亳州市","district":{"21":"涡阳县","22":"蒙城县","23":"利辛县","00":"亳州市","01":"市辖区","02":"谯城区"}},"17":{"name":"池州市","district":{"21":"东至县","22":"石台县","23":"青阳县","00":"池州市","01":"市辖区","02":"贵池区"}},"18":{"name":"宣城市","district":{"21":"郎溪县","22":"广德县","23":"泾县","24":"绩溪县","25":"旌德县","81":"宁国市","00":"宣城市","01":"市辖区","02":"宣州区"}},"00":{"name":"安徽省","district":{"00":"安徽省"}},"01":{"name":"合肥市","district":{"11":"包河区","21":"长丰县","22":"肥东县","23":"肥西县","00":"合肥市","01":"市辖区","02":"瑶海区","03":"庐阳区","04":"蜀山区"}},"02":{"name":"芜湖市","district":{"21":"芜湖县","22":"繁昌县","23":"南陵县","00":"芜湖市","01":"市辖区","02":"镜湖区","03":"马塘区","04":"新芜区","07":"鸠江区"}},"03":{"name":"蚌埠市","district":{"11":"郊区","21":"怀远县","22":"五河县","23":"固镇县","00":"蚌埠市","01":"市辖区","02":"东市区","03":"中市区","04":"西市区"}},"04":{"name":"淮南市","district":{"21":"凤台县","00":"淮南市","01":"市辖区","02":"大通区","03":"田家庵区","04":"谢家集区","05":"八公山区","06":"潘集区"}},"05":{"name":"马鞍山市","district":{"21":"当涂县","00":"马鞍山市","01":"市辖区","02":"金家庄区","03":"花山区","04":"雨山区"}},"06":{"name":"淮北市","district":{"21":"濉溪县","00":"淮北市","01":"市辖区","02":"杜集区","03":"相山区","04":"烈山区"}},"07":{"name":"铜陵市","district":{"11":"郊区","21":"铜陵县","00":"铜陵市","01":"市辖区","02":"铜官山区","03":"狮子山区"}},"08":{"name":"安庆市","district":{"11":"郊区","22":"怀宁县","23":"枞阳县","24":"潜山县","25":"太湖县","26":"宿松县","27":"望江县","28":"岳西县","81":"桐城市","00":"安庆市","01":"市辖区","02":"迎江区","03":"大观区"}}}},"35":{"name":"福建省","city":{"00":{"name":"福建省","district":{"00":"福建省"}},"01":{"name":"福州市","district":{"11":"晋安区","21":"闽侯县","22":"连江县","23":"罗源县","24":"闽清县","25":"永泰县","28":"平潭县","81":"福清市","82":"长乐市","00":"福州市","01":"市辖区","02":"鼓楼区","03":"台江区","04":"仓山区","05":"马尾区"}},"02":{"name":"厦门市","district":{"11":"集美区","12":"同安区","13":"翔安区","00":"厦门市","01":"市辖区","03":"思明区","05":"海沧区","06":"湖里区"}},"03":{"name":"莆田市","district":{"22":"仙游县","00":"莆田市","01":"市辖区","02":"城厢区","03":"涵江区","04":"荔城区","05":"秀屿区"}},"04":{"name":"三明市","district":{"21":"明溪县","23":"清流县","24":"宁化县","25":"大田县","26":"尤溪县","27":"沙县","28":"将乐县","29":"泰宁县","30":"建宁县","81":"永安市","00":"三明市","01":"市辖区","02":"梅列区","03":"三元区"}},"05":{"name":"泉州市","district":{"21":"惠安县","24":"安溪县","25":"永春县","26":"德化县","27":"金门县","81":"石狮市","82":"晋江市","83":"南安市","00":"泉州市","01":"市辖区","02":"鲤城区","03":"丰泽区","04":"洛江区","05":"泉港区"}},"06":{"name":"漳州市","district":{"22":"云霄县","23":"漳浦县","24":"诏安县","25":"长泰县","26":"东山县","27":"南靖县","28":"平和县","29":"华安县","81":"龙海市","00":"漳州市","01":"市辖区","02":"芗城区","03":"龙文区"}},"07":{"name":"南平市","district":{"21":"顺昌县","22":"浦城县","23":"光泽县","24":"松溪县","25":"政和县","81":"邵武市","82":"武夷山市","83":"建瓯市","84":"建阳市","00":"南平市","01":"市辖区","02":"延平区"}},"08":{"name":"龙岩市","district":{"21":"长汀县","22":"永定县","23":"上杭县","24":"武平县","25":"连城县","81":"漳平市","00":"龙岩市","01":"市辖区","02":"新罗区"}},"09":{"name":"宁德市","district":{"21":"霞浦县","22":"古田县","23":"屏南县","24":"寿宁县","25":"周宁县","26":"柘荣县","81":"福安市","82":"福鼎市","00":"宁德市","01":"市辖区","02":"蕉城区"}}}},"36":{"name":"江西省","city":{"10":{"name":"抚州市","district":{"21":"南城县","22":"黎川县","23":"南丰县","24":"崇仁县","25":"乐安县","26":"宜黄县","27":"金溪县","28":"资溪县","29":"东乡县","30":"广昌县","00":"抚州市","01":"市辖区","02":"临川区"}},"11":{"name":"上饶市","district":{"21":"上饶县","22":"广丰县","23":"玉山县","24":"铅山县","25":"横峰县","26":"弋阳县","27":"余干县","28":"鄱阳县","29":"万年县","30":"婺源县","81":"德兴市","00":"上饶市","01":"市辖区","02":"信州区"}},"00":{"name":"江西省","district":{"00":"江西省"}},"01":{"name":"南昌市","district":{"11":"青山湖区","21":"南昌县","22":"新建县","23":"安义县","24":"进贤县","00":"南昌市","01":"市辖区","02":"东湖区","03":"西湖区","04":"青云谱区","05":"湾里区"}},"02":{"name":"景德镇市","district":{"22":"浮梁县","81":"乐平市","00":"景德镇市","01":"市辖区","02":"昌江区","03":"珠山区"}},"03":{"name":"萍乡市","district":{"13":"湘东区","21":"莲花县","22":"上栗县","23":"芦溪县","00":"萍乡市","01":"市辖区","02":"安源区"}},"04":{"name":"九江市","district":{"21":"九江县","23":"武宁县","24":"修水县","25":"永修县","26":"德安县","27":"星子县","28":"都昌县","29":"湖口县","30":"彭泽县","81":"瑞昌市","00":"九江市","01":"市辖区","02":"庐山区","03":"浔阳区"}},"05":{"name":"新余市","district":{"21":"分宜县","00":"新余市","01":"市辖区","02":"渝水区"}},"06":{"name":"鹰潭市","district":{"22":"余江县","81":"贵溪市","00":"鹰潭市","01":"市辖区","02":"月湖区"}},"07":{"name":"赣州市","district":{"21":"赣县","22":"信丰县","23":"大余县","24":"上犹县","25":"崇义县","26":"安远县","27":"龙南县","28":"定南县","29":"全南县","30":"宁都县","31":"于都县","32":"兴国县","33":"会昌县","34":"寻乌县","35":"石城县","81":"瑞金市","82":"南康市","00":"赣州市","01":"市辖区","02":"章贡区"}},"08":{"name":"吉安市","district":{"21":"吉安县","22":"吉水县","23":"峡江县","24":"新干县","25":"永丰县","26":"泰和县","27":"遂川县","28":"万安县","29":"安福县","30":"永新县","81":"井冈山市","00":"吉安市","01":"市辖区","02":"吉州区","03":"青原区"}},"09":{"name":"宜春市","district":{"21":"奉新县","22":"万载县","23":"上高县","24":"宜丰县","25":"靖安县","26":"铜鼓县","81":"丰城市","82":"樟树市","83":"高安市","00":"宜春市","01":"市辖区","02":"袁州区"}}}},"37":{"name":"山东省","city":{"10":{"name":"威海市","district":{"81":"文登市","82":"荣成市","83":"乳山市","00":"威海市","01":"市辖区","02":"环翠区"}},"11":{"name":"日照市","district":{"21":"五莲县","22":"莒县","00":"日照市","01":"市辖区","02":"东港区"}},"12":{"name":"莱芜市","district":{"00":"莱芜市","01":"市辖区","02":"莱城区","03":"钢城区"}},"13":{"name":"临沂市","district":{"11":"罗庄区","12":"河东区","21":"沂南县","22":"郯城县","23":"沂水县","24":"苍山县","25":"费县","26":"平邑县","27":"莒南县","28":"蒙阴县","29":"临沭县","00":"临沂市","01":"市辖区","02":"兰山区"}},"14":{"name":"德州市","district":{"21":"陵县","22":"宁津县","23":"庆云县","24":"临邑县","25":"齐河县","26":"平原县","27":"夏津县","28":"武城县","81":"乐陵市","82":"禹城市","00":"德州市","01":"市辖区","02":"德城区"}},"15":{"name":"聊城市","district":{"21":"阳谷县","22":"莘县","23":"茌平县","24":"东阿县","25":"冠县","26":"高唐县","81":"临清市","00":"聊城市","01":"市辖区","02":"东昌府区"}},"16":{"name":"滨州市","district":{"21":"惠民县","22":"阳信县","23":"无棣县","24":"沾化县","25":"博兴县","26":"邹平县","00":"滨州市","01":"市辖区","02":"滨城区"}},"17":{"name":"荷泽市","district":{"21":"曹县","22":"单县","23":"成武县","24":"巨野县","25":"郓城县","26":"鄄城县","27":"定陶县","28":"东明县","00":"荷泽市","01":"市辖区","02":"牡丹区"}},"00":{"name":"山东省","district":{"00":"山东省"}},"01":{"name":"济南市","district":{"12":"历城区","13":"长清区","24":"平阴县","25":"济阳县","26":"商河县","81":"章丘市","00":"济南市","01":"市辖区","02":"历下区","03":"市中区","04":"槐荫区","05":"天桥区"}},"02":{"name":"青岛市","district":{"11":"黄岛区","12":"崂山区","13":"李沧区","14":"城阳区","81":"胶州市","82":"即墨市","83":"平度市","84":"胶南市","85":"莱西市","00":"青岛市","01":"市辖区","02":"市南区","03":"市北区","05":"四方区"}},"03":{"name":"淄博市","district":{"21":"桓台县","22":"高青县","23":"沂源县","00":"淄博市","01":"市辖区","02":"淄川区","03":"张店区","04":"博山区","05":"临淄区","06":"周村区"}},"04":{"name":"枣庄市","district":{"81":"滕州市","00":"枣庄市","01":"市辖区","02":"市中区","03":"薛城区","04":"峄城区","05":"台儿庄区","06":"山亭区"}},"05":{"name":"东营市","district":{"21":"垦利县","22":"利津县","23":"广饶县","00":"东营市","01":"市辖区","02":"东营区","03":"河口区"}},"06":{"name":"烟台市","district":{"11":"福山区","12":"牟平区","13":"莱山区","34":"长岛县","81":"龙口市","82":"莱阳市","83":"莱州市","84":"蓬莱市","85":"招远市","86":"栖霞市","87":"海阳市","00":"烟台市","01":"市辖区","02":"芝罘区"}},"07":{"name":"潍坊市","district":{"24":"临朐县","25":"昌乐县","81":"青州市","82":"诸城市","83":"寿光市","84":"安丘市","85":"高密市","86":"昌邑市","00":"潍坊市","01":"市辖区","02":"潍城区","03":"寒亭区","04":"坊子区","05":"奎文区"}},"08":{"name":"济宁市","district":{"11":"任城区","26":"微山县","27":"鱼台县","28":"金乡县","29":"嘉祥县","30":"汶上县","31":"泗水县","32":"梁山县","81":"曲阜市","82":"兖州市","83":"邹城市","00":"济宁市","01":"市辖区","02":"市中区"}},"09":{"name":"泰安市","district":{"21":"宁阳县","23":"东平县","82":"新泰市","83":"肥城市","00":"泰安市","01":"市辖区","02":"泰山区","03":"岱岳区"}}}},"41":{"name":"河南省","city":{"10":{"name":"许昌市","district":{"23":"许昌县","24":"鄢陵县","25":"襄城县","81":"禹州市","82":"长葛市","00":"许昌市","01":"市辖区","02":"魏都区"}},"11":{"name":"漯河市","district":{"21":"舞阳县","22":"临颍县","23":"郾城县","00":"漯河市","01":"市辖区","02":"源汇区"}},"12":{"name":"三门峡市","district":{"21":"渑池县","22":"陕县","24":"卢氏县","81":"义马市","82":"灵宝市","00":"三门峡市","01":"市辖区","02":"湖滨区"}},"13":{"name":"南阳市","district":{"21":"南召县","22":"方城县","23":"西峡县","24":"镇平县","25":"内乡县","26":"淅川县","27":"社旗县","28":"唐河县","29":"新野县","30":"桐柏县","81":"邓州市","00":"南阳市","01":"市辖区","02":"宛城区","03":"卧龙区"}},"14":{"name":"商丘市","district":{"21":"民权县","22":"睢县","23":"宁陵县","24":"柘城县","25":"虞城县","26":"夏邑县","81":"永城市","00":"商丘市","01":"市辖区","02":"梁园区","03":"睢阳区"}},"15":{"name":"信阳市","district":{"21":"罗山县","22":"光山县","23":"新县","24":"商城县","25":"固始县","26":"潢川县","27":"淮滨县","28":"息县","00":"信阳市","01":"市辖区","02":"师河区","03":"平桥区"}},"16":{"name":"周口市","district":{"21":"扶沟县","22":"西华县","23":"商水县","24":"沈丘县","25":"郸城县","26":"淮阳县","27":"太康县","28":"鹿邑县","81":"项城市","00":"周口市","01":"市辖区","02":"川汇区"}},"17":{"name":"驻马店市","district":{"21":"西平县","22":"上蔡县","23":"平舆县","24":"正阳县","25":"确山县","26":"泌阳县","27":"汝南县","28":"遂平县","29":"新蔡县","00":"驻马店市","01":"市辖区","02":"驿城区"}},"00":{"name":"河南省","district":{"00":"河南省"}},"01":{"name":"郑州市","district":{"22":"中牟县","81":"巩义市","82":"荥阳市","83":"新密市","84":"新郑市","85":"登封市","00":"郑州市","01":"市辖区","02":"中原区","03":"二七区","04":"管城回族区","05":"金水区","06":"上街区","08":"邙山区"}},"02":{"name":"开封市","district":{"11":"郊区","21":"杞县","22":"通许县","23":"尉氏县","24":"开封县","25":"兰考县","00":"开封市","01":"市辖区","02":"龙亭区","03":"顺河回族区","04":"鼓楼区","05":"南关区"}},"03":{"name":"洛阳市","district":{"22":"孟津县","23":"新安县","24":"栾川县","25":"嵩县","26":"汝阳县","27":"宜阳县","28":"洛宁县","29":"伊川县","81":"偃师市","00":"洛阳市","01":"市辖区","02":"老城区","03":"西工区","04":"廛河回族区","05":"涧西区","06":"吉利区","07":"洛龙区"}},"04":{"name":"平顶山市","district":{"11":"湛河区","21":"宝丰县","22":"叶县","23":"鲁山县","25":"郏县","81":"舞钢市","82":"汝州市","00":"平顶山市","01":"市辖区","02":"新华区","03":"卫东区","04":"石龙区"}},"05":{"name":"安阳市","district":{"22":"安阳县","23":"汤阴县","26":"滑县","27":"内黄县","81":"林州市","00":"安阳市","01":"市辖区","02":"文峰区","03":"北关区","05":"殷都区","06":"龙安区"}},"06":{"name":"鹤壁市","district":{"11":"淇滨区","21":"浚县","22":"淇县","00":"鹤壁市","01":"市辖区","02":"鹤山区","03":"山城区"}},"07":{"name":"新乡市","district":{"11":"牧野区","21":"新乡县","24":"获嘉县","25":"原阳县","26":"延津县","27":"封丘县","28":"长垣县","81":"卫辉市","82":"辉县市","00":"新乡市","01":"市辖区","02":"红旗区","03":"卫滨区","04":"凤泉区"}},"08":{"name":"焦作市","district":{"11":"山阳区","21":"修武县","22":"博爱县","23":"武陟县","25":"温县","81":"济源市","82":"沁阳市","83":"孟州市","00":"焦作市","01":"市辖区","02":"解放区","03":"中站区","04":"马村区"}},"09":{"name":"濮阳市","district":{"22":"清丰县","23":"南乐县","26":"范县","27":"台前县","28":"濮阳县","00":"濮阳市","01":"市辖区","02":"华龙区"}}}},"42":{"name":"湖北省","city":{"10":{"name":"荆州市","district":{"22":"公安县","23":"监利县","24":"江陵县","81":"石首市","83":"洪湖市","87":"松滋市","00":"荆州市","01":"市辖区","02":"沙市区","03":"荆州区"}},"11":{"name":"黄冈市","district":{"21":"团风县","22":"红安县","23":"罗田县","24":"英山县","25":"浠水县","26":"蕲春县","27":"黄梅县","81":"麻城市","82":"武穴市","00":"黄冈市","01":"市辖区","02":"黄州区"}},"12":{"name":"咸宁市","district":{"21":"嘉鱼县","22":"通城县","23":"崇阳县","24":"通山县","81":"赤壁市","00":"咸宁市","01":"市辖区","02":"咸安区"}},"13":{"name":"随州市","district":{"81":"广水市","00":"随州市","01":"市辖区","02":"曾都区"}},"28":{"name":"恩施土家族苗族自治州","district":{"22":"建始县","23":"巴东县","25":"宣恩县","26":"咸丰县","27":"来凤县","28":"鹤峰县","00":"恩施土家族苗族自治州","01":"恩施市","02":"利川市"}},"90":{"name":"省直辖行政单位","district":{"21":"神农架林区","00":"省直辖行政单位","04":"仙桃市","05":"潜江市","06":"天门市"}},"00":{"name":"湖北省","district":{"00":"湖北省"}},"01":{"name":"武汉市","district":{"11":"洪山区","12":"东西湖区","13":"汉南区","14":"蔡甸区","15":"江夏区","16":"黄陂区","17":"新洲区","00":"武汉市","01":"市辖区","02":"江岸区","03":"江汉区","04":"乔口区","05":"汉阳区","06":"武昌区","07":"青山区"}},"02":{"name":"黄石市","district":{"22":"阳新县","81":"大冶市","00":"黄石市","01":"市辖区","02":"黄石港区","03":"西塞山区","04":"下陆区","05":"铁山区"}},"03":{"name":"十堰市","district":{"21":"郧县","22":"郧西县","23":"竹山县","24":"竹溪县","25":"房县","81":"丹江口市","00":"十堰市","01":"市辖区","02":"茅箭区","03":"张湾区"}},"05":{"name":"宜昌市","district":{"25":"远安县","26":"兴山县","27":"秭归县","28":"长阳土家族自治县","29":"五峰土家族自治县","81":"宜都市","82":"当阳市","83":"枝江市","00":"宜昌市","01":"市辖区","02":"西陵区","03":"伍家岗区","04":"点军区","05":"虎亭区","06":"夷陵区"}},"06":{"name":"襄樊市","district":{"24":"南漳县","25":"谷城县","26":"保康县","82":"老河口市","83":"枣阳市","84":"宜城市","00":"襄樊市","01":"市辖区","02":"襄城区","06":"樊城区","07":"襄阳区"}},"07":{"name":"鄂州市","district":{"00":"鄂州市","01":"市辖区","02":"梁子湖区","03":"华容区","04":"鄂城区"}},"08":{"name":"荆门市","district":{"21":"京山县","22":"沙洋县","81":"钟祥市","00":"荆门市","01":"市辖区","02":"东宝区","04":"掇刀区"}},"09":{"name":"孝感市","district":{"21":"孝昌县","22":"大悟县","23":"云梦县","81":"应城市","82":"安陆市","84":"汉川市","00":"孝感市","01":"市辖区","02":"孝南区"}}}},"43":{"name":"湖南省","city":{"10":{"name":"郴州市","district":{"21":"桂阳县","22":"宜章县","23":"永兴县","24":"嘉禾县","25":"临武县","26":"汝城县","27":"桂东县","28":"安仁县","81":"资兴市","00":"郴州市","01":"市辖区","02":"北湖区","03":"苏仙区"}},"11":{"name":"永州市","district":{"21":"祁阳县","22":"东安县","23":"双牌县","24":"道县","25":"江永县","26":"宁远县","27":"蓝山县","28":"新田县","29":"江华瑶族自治县","00":"永州市","01":"市辖区","02":"芝山区","03":"冷水滩区"}},"12":{"name":"怀化市","district":{"21":"中方县","22":"沅陵县","23":"辰溪县","24":"溆浦县","25":"会同县","26":"麻阳苗族自治县","27":"新晃侗族自治县","28":"芷江侗族自治县","29":"靖州苗族侗族自治县","30":"通道侗族自治县","81":"洪江市","00":"怀化市","01":"市辖区","02":"鹤城区"}},"13":{"name":"娄底市","district":{"21":"双峰县","22":"新化县","81":"冷水江市","82":"涟源市","00":"娄底市","01":"市辖区","02":"娄星区"}},"31":{"name":"湘西土家族苗族自治州","district":{"22":"泸溪县","23":"凤凰县","24":"花垣县","25":"保靖县","26":"古丈县","27":"永顺县","30":"龙山县","00":"湘西土家族苗族自治州","01":"吉首市"}},"00":{"name":"湖南省","district":{"00":"湖南省"}},"01":{"name":"长沙市","district":{"11":"雨花区","21":"长沙县","22":"望城县","24":"宁乡县","81":"浏阳市","00":"长沙市","01":"市辖区","02":"芙蓉区","03":"天心区","04":"岳麓区","05":"开福区"}},"02":{"name":"株洲市","district":{"11":"天元区","21":"株洲县","23":"攸县","24":"茶陵县","25":"炎陵县","81":"醴陵市","00":"株洲市","01":"市辖区","02":"荷塘区","03":"芦淞区","04":"石峰区"}},"03":{"name":"湘潭市","district":{"21":"湘潭县","81":"湘乡市","82":"韶山市","00":"湘潭市","01":"市辖区","02":"雨湖区","04":"岳塘区"}},"04":{"name":"衡阳市","district":{"12":"南岳区","21":"衡阳县","22":"衡南县","23":"衡山县","24":"衡东县","26":"祁东县","81":"耒阳市","82":"常宁市","00":"衡阳市","01":"市辖区","05":"珠晖区","06":"雁峰区","07":"石鼓区","08":"蒸湘区"}},"05":{"name":"邵阳市","district":{"11":"北塔区","21":"邵东县","22":"新邵县","23":"邵阳县","24":"隆回县","25":"洞口县","27":"绥宁县","28":"新宁县","29":"城步苗族自治县","81":"武冈市","00":"邵阳市","01":"市辖区","02":"双清区","03":"大祥区"}},"06":{"name":"岳阳市","district":{"11":"君山区","21":"岳阳县","23":"华容县","24":"湘阴县","26":"平江县","81":"汨罗市","82":"临湘市","00":"岳阳市","01":"市辖区","02":"岳阳楼区","03":"云溪区"}},"07":{"name":"常德市","district":{"21":"安乡县","22":"汉寿县","23":"澧县","24":"临澧县","25":"桃源县","26":"石门县","81":"津市市","00":"常德市","01":"市辖区","02":"武陵区","03":"鼎城区"}},"08":{"name":"张家界市","district":{"11":"武陵源区","21":"慈利县","22":"桑植县","00":"张家界市","01":"市辖区","02":"永定区"}},"09":{"name":"益阳市","district":{"21":"南县","22":"桃江县","23":"安化县","81":"沅江市","00":"益阳市","01":"市辖区","02":"资阳区","03":"赫山区"}}}},"44":{"name":"广东省","city":{"12":{"name":"肇庆市","district":{"23":"广宁县","24":"怀集县","25":"封开县","26":"德庆县","83":"高要市","84":"四会市","00":"肇庆市","01":"市辖区","02":"端州区","03":"鼎湖区"}},"13":{"name":"惠州市","district":{"22":"博罗县","23":"惠东县","24":"龙门县","00":"惠州市","01":"市辖区","02":"惠城区","03":"惠阳区"}},"14":{"name":"梅州市","district":{"21":"梅县","22":"大埔县","23":"丰顺县","24":"五华县","26":"平远县","27":"蕉岭县","81":"兴宁市","00":"梅州市","01":"市辖区","02":"梅江区"}},"15":{"name":"汕尾市","district":{"21":"海丰县","23":"陆河县","81":"陆丰市","00":"汕尾市","01":"市辖区","02":"城区"}},"16":{"name":"河源市","district":{"21":"紫金县","22":"龙川县","23":"连平县","24":"和平县","25":"东源县","00":"河源市","01":"市辖区","02":"源城区"}},"17":{"name":"阳江市","district":{"21":"阳西县","23":"阳东县","81":"阳春市","00":"阳江市","01":"市辖区","02":"江城区"}},"18":{"name":"清远市","district":{"21":"佛冈县","23":"阳山县","25":"连山壮族瑶族自治县","26":"连南瑶族自治县","27":"清新县","81":"英德市","82":"连州市","00":"清远市","01":"市辖区","02":"清城区"}},"19":{"name":"东莞市","district":{"00":"东莞市"}},"20":{"name":"中山市","district":{"00":"中山市"}},"51":{"name":"潮州市","district":{"21":"潮安县","22":"饶平县","00":"潮州市","01":"市辖区","02":"湘桥区"}},"52":{"name":"揭阳市","district":{"21":"揭东县","22":"揭西县","24":"惠来县","81":"普宁市","00":"揭阳市","01":"市辖区","02":"榕城区"}},"53":{"name":"云浮市","district":{"21":"新兴县","22":"郁南县","23":"云安县","81":"罗定市","00":"云浮市","01":"市辖区","02":"云城区"}},"00":{"name":"广东省","district":{"00":"广东省"}},"01":{"name":"广州市","district":{"11":"白云区","12":"黄埔区","13":"番禺区","14":"花都区","83":"增城市","84":"从化市","00":"广州市","01":"市辖区","02":"东山区","03":"荔湾区","04":"越秀区","05":"海珠区","06":"天河区","07":"芳村区"}},"02":{"name":"韶关市","district":{"21":"曲江县","22":"始兴县","24":"仁化县","29":"翁源县","32":"乳源瑶族自治县","33":"新丰县","81":"乐昌市","82":"南雄市","00":"韶关市","01":"市辖区","02":"北江区","03":"武江区","04":"浈江区"}},"03":{"name":"深圳市","district":{"00":"深圳市","01":"市辖区","03":"罗湖区","04":"福田区","05":"南山区","06":"宝安区","07":"龙岗区","08":"盐田区"}},"04":{"name":"珠海市","district":{"00":"珠海市","01":"市辖区","02":"香洲区","03":"斗门区","04":"金湾区"}},"05":{"name":"汕头市","district":{"11":"金平区","12":"濠江区","13":"潮阳区","14":"潮南区","15":"澄海区","23":"南澳县","00":"汕头市","01":"市辖区","07":"龙湖区"}},"06":{"name":"佛山市","district":{"00":"佛山市","01":"市辖区","04":"禅城区","05":"南海区","06":"顺德区","07":"三水区","08":"高明区"}},"07":{"name":"江门市","district":{"81":"台山市","83":"开平市","84":"鹤山市","85":"恩平市","00":"江门市","01":"市辖区","03":"蓬江区","04":"江海区","05":"新会区"}},"08":{"name":"湛江市","district":{"11":"麻章区","23":"遂溪县","25":"徐闻县","81":"廉江市","82":"雷州市","83":"吴川市","00":"湛江市","01":"市辖区","02":"赤坎区","03":"霞山区","04":"坡头区"}},"09":{"name":"茂名市","district":{"23":"电白县","81":"高州市","82":"化州市","83":"信宜市","00":"茂名市","01":"市辖区","02":"茂南区","03":"茂港区"}}}},"45":{"name":"广西壮族自治区","city":{"10":{"name":"百色市","district":{"21":"田阳县","22":"田东县","23":"平果县","24":"德保县","25":"靖西县","26":"那坡县","27":"凌云县","28":"乐业县","29":"田林县","30":"西林县","31":"隆林各族自治县","00":"百色市","01":"市辖区","02":"右江区"}},"11":{"name":"贺州市","district":{"21":"昭平县","22":"钟山县","23":"富川瑶族自治县","00":"贺州市","01":"市辖区","02":"八步区"}},"12":{"name":"河池市","district":{"21":"南丹县","22":"天峨县","23":"凤山县","24":"东兰县","25":"罗城仫佬族自治县","26":"环江毛南族自治县","27":"巴马瑶族自治县","28":"都安瑶族自治县","29":"大化瑶族自治县","81":"宜州市","00":"河池市","01":"市辖区","02":"金城江区"}},"13":{"name":"来宾市","district":{"21":"忻城县","22":"象州县","23":"武宣县","24":"金秀瑶族自治县","81":"合山市","00":"来宾市","01":"市辖区","02":"兴宾区"}},"14":{"name":"崇左市","district":{"21":"扶绥县","22":"宁明县","23":"龙州县","24":"大新县","25":"天等县","81":"凭祥市","00":"崇左市","01":"市辖区","02":"江洲区"}},"00":{"name":"广西壮族自治区","district":{"00":"广西壮族自治区"}},"01":{"name":"南宁市","district":{"21":"邕宁县","22":"武鸣县","23":"隆安县","24":"马山县","25":"上林县","26":"宾阳县","27":"横县","00":"南宁市","01":"市辖区","02":"兴宁区","03":"新城区","04":"城北区","05":"江南区","06":"永新区"}},"02":{"name":"柳州市","district":{"21":"柳江县","22":"柳城县","23":"鹿寨县","24":"融安县","25":"融水苗族自治县","26":"三江侗族自治县","00":"柳州市","01":"市辖区","02":"城中区","03":"鱼峰区","04":"柳南区","05":"柳北区"}},"03":{"name":"桂林市","district":{"11":"雁山区","21":"阳朔县","22":"临桂县","23":"灵川县","24":"全州县","25":"兴安县","26":"永福县","27":"灌阳县","28":"龙胜各族自治县","29":"资源县","30":"平乐县","31":"荔蒲县","32":"恭城瑶族自治县","00":"桂林市","01":"市辖区","02":"秀峰区","03":"叠彩区","04":"象山区","05":"七星区"}},"04":{"name":"梧州市","district":{"21":"苍梧县","22":"藤县","23":"蒙山县","81":"岑溪市","00":"梧州市","01":"市辖区","03":"万秀区","04":"蝶山区","05":"长洲区"}},"05":{"name":"北海市","district":{"12":"铁山港区","21":"合浦县","00":"北海市","01":"市辖区","02":"海城区","03":"银海区"}},"06":{"name":"防城港市","district":{"21":"上思县","81":"东兴市","00":"防城港市","01":"市辖区","02":"港口区","03":"防城区"}},"07":{"name":"钦州市","district":{"21":"灵山县","22":"浦北县","00":"钦州市","01":"市辖区","02":"钦南区","03":"钦北区"}},"08":{"name":"贵港市","district":{"21":"平南县","81":"桂平市","00":"贵港市","01":"市辖区","02":"港北区","03":"港南区","04":"覃塘区"}},"09":{"name":"玉林市","district":{"21":"容县","22":"陆川县","23":"博白县","24":"兴业县","81":"北流市","00":"玉林市","01":"市辖区","02":"玉州区"}}}},"46":{"name":"海南省","city":{"90":{"name":"省直辖县级行政单位","district":{"25":"定安县","26":"屯昌县","27":"澄迈县","28":"临高县","30":"白沙黎族自治县","31":"昌江黎族自治县","33":"乐东黎族自治县","34":"陵水黎族自治县","35":"保亭黎族苗族自治县","36":"琼中黎族苗族自治县","37":"西沙群岛","38":"南沙群岛","39":"中沙群岛的岛礁及其海域","00":"省直辖县级行政单位","01":"五指山市","02":"琼海市","03":"儋州市","05":"文昌市","06":"万宁市","07":"东方市"}},"00":{"name":"海南省","district":{"00":"海南省"}},"01":{"name":"海口市","district":{"00":"海口市","01":"市辖区","05":"秀英区","06":"龙华区","07":"琼山区","08":"美兰区"}},"02":{"name":"三亚市","district":{"00":"三亚市","01":"市辖区"}}}},"50":{"name":"重庆市","city":{"00":{"name":"重庆市","district":{"00":"重庆市"}},"01":{"name":"市辖区","district":{"10":"万盛区","11":"双桥区","12":"渝北区","13":"巴南区","14":"黔江区","15":"长寿区","00":"市辖区","01":"万州区","02":"涪陵区","03":"渝中区","04":"大渡口区","05":"江北区","06":"沙坪坝区","07":"九龙坡区","08":"南岸区","09":"北碚区"}},"02":{"name":"县","district":{"22":"綦江县","23":"潼南县","24":"铜梁县","25":"大足县","26":"荣昌县","27":"璧山县","28":"梁平县","29":"城口县","30":"丰都县","31":"垫江县","32":"武隆县","33":"忠县","34":"开县","35":"云阳县","36":"奉节县","37":"巫山县","38":"巫溪县","40":"石柱土家族自治县","41":"秀山土家族苗族自治县","42":"酉阳土家族苗族自治县","43":"彭水苗族土家族自治县","00":"县"}},"03":{"name":"市","district":{"81":"江津市","82":"合川市","83":"永川市","84":"南川市","00":"市"}}}},"51":{"name":"四川省","city":{"10":{"name":"内江市","district":{"11":"东兴区","24":"威远县","25":"资中县","28":"隆昌县","00":"内江市","01":"市辖区","02":"市中区"}},"11":{"name":"乐山市","district":{"11":"沙湾区","12":"五通桥区","13":"金口河区","23":"犍为县","24":"井研县","26":"夹江县","29":"沐川县","32":"峨边彝族自治县","33":"马边彝族自治县","81":"峨眉山市","00":"乐山市","01":"市辖区","02":"市中区"}},"13":{"name":"南充市","district":{"21":"南部县","22":"营山县","23":"蓬安县","24":"仪陇县","25":"西充县","81":"阆中市","00":"南充市","01":"市辖区","02":"顺庆区","03":"高坪区","04":"嘉陵区"}},"14":{"name":"眉山市","district":{"21":"仁寿县","22":"彭山县","23":"洪雅县","24":"丹棱县","25":"青神县","00":"眉山市","01":"市辖区","02":"东坡区"}},"15":{"name":"宜宾市","district":{"21":"宜宾县","22":"南溪县","23":"江安县","24":"长宁县","25":"高县","26":"珙县","27":"筠连县","28":"兴文县","29":"屏山县","00":"宜宾市","01":"市辖区","02":"翠屏区"}},"16":{"name":"广安市","district":{"21":"岳池县","22":"武胜县","23":"邻水县","81":"华莹市","00":"广安市","01":"市辖区","02":"广安区"}},"17":{"name":"达州市","district":{"21":"达县","22":"宣汉县","23":"开江县","24":"大竹县","25":"渠县","81":"万源市","00":"达州市","01":"市辖区","02":"通川区"}},"18":{"name":"雅安市","district":{"21":"名山县","22":"荥经县","23":"汉源县","24":"石棉县","25":"天全县","26":"芦山县","27":"宝兴县","00":"雅安市","01":"市辖区","02":"雨城区"}},"19":{"name":"巴中市","district":{"21":"通江县","22":"南江县","23":"平昌县","00":"巴中市","01":"市辖区","02":"巴州区"}},"20":{"name":"资阳市","district":{"21":"安岳县","22":"乐至县","81":"简阳市","00":"资阳市","01":"市辖区","02":"雁江区"}},"32":{"name":"阿坝藏族羌族自治州","district":{"21":"汶川县","22":"理县","23":"茂县","24":"松潘县","25":"九寨沟县","26":"金川县","27":"小金县","28":"黑水县","29":"马尔康县","30":"壤塘县","31":"阿坝县","32":"若尔盖县","33":"红原县","00":"阿坝藏族羌族自治州"}},"33":{"name":"甘孜藏族自治州","district":{"21":"康定县","22":"泸定县","23":"丹巴县","24":"九龙县","25":"雅江县","26":"道孚县","27":"炉霍县","28":"甘孜县","29":"新龙县","30":"德格县","31":"白玉县","32":"石渠县","33":"色达县","34":"理塘县","35":"巴塘县","36":"乡城县","37":"稻城县","38":"得荣县","00":"甘孜藏族自治州"}},"34":{"name":"凉山彝族自治州","district":{"22":"木里藏族自治县","23":"盐源县","24":"德昌县","25":"会理县","26":"会东县","27":"宁南县","28":"普格县","29":"布拖县","30":"金阳县","31":"昭觉县","32":"喜德县","33":"冕宁县","34":"越西县","35":"甘洛县","36":"美姑县","37":"雷波县","00":"凉山彝族自治州","01":"西昌市"}},"00":{"name":"四川省","district":{"00":"四川省"}},"01":{"name":"成都市","district":{"12":"龙泉驿区","13":"青白江区","14":"新都区","15":"温江区","21":"金堂县","22":"双流县","24":"郫县","29":"大邑县","31":"蒲江县","32":"新津县","81":"都江堰市","82":"彭州市","83":"邛崃市","84":"崇州市","00":"成都市","01":"市辖区","04":"锦江区","05":"青羊区","06":"金牛区","07":"武侯区","08":"成华区"}},"03":{"name":"自贡市","district":{"11":"沿滩区","21":"荣县","22":"富顺县","00":"自贡市","01":"市辖区","02":"自流井区","03":"贡井区","04":"大安区"}},"04":{"name":"攀枝花市","district":{"11":"仁和区","21":"米易县","22":"盐边县","00":"攀枝花市","01":"市辖区","02":"东区","03":"西区"}},"05":{"name":"泸州市","district":{"21":"泸县","22":"合江县","24":"叙永县","25":"古蔺县","00":"泸州市","01":"市辖区","02":"江阳区","03":"纳溪区","04":"龙马潭区"}},"06":{"name":"德阳市","district":{"23":"中江县","26":"罗江县","81":"广汉市","82":"什邡市","83":"绵竹市","00":"德阳市","01":"市辖区","03":"旌阳区"}},"07":{"name":"绵阳市","district":{"22":"三台县","23":"盐亭县","24":"安县","25":"梓潼县","26":"北川羌族自治县","27":"平武县","81":"江油市","00":"绵阳市","01":"市辖区","03":"涪城区","04":"游仙区"}},"08":{"name":"广元市","district":{"11":"元坝区","12":"朝天区","21":"旺苍县","22":"青川县","23":"剑阁县","24":"苍溪县","00":"广元市","01":"市辖区","02":"市中区"}},"09":{"name":"遂宁市","district":{"21":"蓬溪县","22":"射洪县","23":"大英县","00":"遂宁市","01":"市辖区","03":"船山区","04":"安居区"}}}},"52":{"name":"贵州省","city":{"22":{"name":"铜仁地区","district":{"22":"江口县","23":"玉屏侗族自治县","24":"石阡县","25":"思南县","26":"印江土家族苗族自治县","27":"德江县","28":"沿河土家族自治县","29":"松桃苗族自治县","30":"万山特区","00":"铜仁地区","01":"铜仁市"}},"23":{"name":"黔西南布依族苗族自治州","district":{"22":"兴仁县","23":"普安县","24":"晴隆县","25":"贞丰县","26":"望谟县","27":"册亨县","28":"安龙县","00":"黔西南布依族苗族自治州","01":"兴义市"}},"24":{"name":"毕节地区","district":{"22":"大方县","23":"黔西县","24":"金沙县","25":"织金县","26":"纳雍县","27":"威宁彝族回族苗族自治县","28":"赫章县","00":"毕节地区","01":"毕节市"}},"26":{"name":"黔东南苗族侗族自治州","district":{"22":"黄平县","23":"施秉县","24":"三穗县","25":"镇远县","26":"岑巩县","27":"天柱县","28":"锦屏县","29":"剑河县","30":"台江县","31":"黎平县","32":"榕江县","33":"从江县","34":"雷山县","35":"麻江县","36":"丹寨县","00":"黔东南苗族侗族自治州","01":"凯里市"}},"27":{"name":"黔南布依族苗族自治州","district":{"22":"荔波县","23":"贵定县","25":"瓮安县","26":"独山县","27":"平塘县","28":"罗甸县","29":"长顺县","30":"龙里县","31":"惠水县","32":"三都水族自治县","00":"黔南布依族苗族自治州","01":"都匀市","02":"福泉市"}},"00":{"name":"贵州省","district":{"00":"贵州省"}},"01":{"name":"贵阳市","district":{"11":"花溪区","12":"乌当区","13":"白云区","14":"小河区","21":"开阳县","22":"息烽县","23":"修文县","81":"清镇市","00":"贵阳市","01":"市辖区","02":"南明区","03":"云岩区"}},"02":{"name":"六盘水市","district":{"21":"水城县","22":"盘县","00":"六盘水市","01":"钟山区","03":"六枝特区"}},"03":{"name":"遵义市","district":{"21":"遵义县","22":"桐梓县","23":"绥阳县","24":"正安县","25":"道真仡佬族苗族自治县","26":"务川仡佬族苗族自治县","27":"凤冈县","28":"湄潭县","29":"余庆县","30":"习水县","81":"赤水市","82":"仁怀市","00":"遵义市","01":"市辖区","02":"红花岗区","03":"汇川区"}},"04":{"name":"安顺市","district":{"21":"平坝县","22":"普定县","23":"镇宁布依族苗族自治县","24":"关岭布依族苗族自治县","25":"紫云苗族布依族自治县","00":"安顺市","01":"市辖区","02":"西秀区"}}}},"53":{"name":"云南省","city":{"23":{"name":"楚雄彝族自治州","district":{"22":"双柏县","23":"牟定县","24":"南华县","25":"姚安县","26":"大姚县","27":"永仁县","28":"元谋县","29":"武定县","31":"禄丰县","00":"楚雄彝族自治州","01":"楚雄市"}},"25":{"name":"红河哈尼族彝族自治州","district":{"22":"蒙自县","23":"屏边苗族自治县","24":"建水县","25":"石屏县","26":"弥勒县","27":"泸西县","28":"元阳县","29":"红河县","30":"金平苗族瑶族傣族自治县","31":"绿春县","32":"河口瑶族自治县","00":"红河哈尼族彝族自治州","01":"个旧市","02":"开远市"}},"26":{"name":"文山壮族苗族自治州","district":{"21":"文山县","22":"砚山县","23":"西畴县","24":"麻栗坡县","25":"马关县","26":"丘北县","27":"广南县","28":"富宁县","00":"文山壮族苗族自治州"}},"28":{"name":"西双版纳傣族自治州","district":{"22":"勐海县","23":"勐腊县","00":"西双版纳傣族自治州","01":"景洪市"}},"29":{"name":"大理白族自治州","district":{"22":"漾濞彝族自治县","23":"祥云县","24":"宾川县","25":"弥渡县","26":"南涧彝族自治县","27":"巍山彝族回族自治县","28":"永平县","29":"云龙县","30":"洱源县","31":"剑川县","32":"鹤庆县","00":"大理白族自治州","01":"大理市"}},"31":{"name":"德宏傣族景颇族自治州","district":{"22":"梁河县","23":"盈江县","24":"陇川县","00":"德宏傣族景颇族自治州","02":"瑞丽市","03":"潞西市"}},"33":{"name":"怒江傈僳族自治州","district":{"21":"泸水县","23":"福贡县","24":"贡山独龙族怒族自治县","25":"兰坪白族普米族自治县","00":"怒江傈僳族自治州"}},"34":{"name":"迪庆藏族自治州","district":{"21":"香格里拉县","22":"德钦县","23":"维西傈僳族自治县","00":"迪庆藏族自治州"}},"00":{"name":"云南省","district":{"00":"云南省"}},"01":{"name":"昆明市","district":{"11":"官渡区","12":"西山区","13":"东川区","21":"呈贡县","22":"晋宁县","24":"富民县","25":"宜良县","26":"石林彝族自治县","27":"嵩明县","28":"禄劝彝族苗族自治县","29":"寻甸回族彝族自治县","81":"安宁市","00":"昆明市","01":"市辖区","02":"五华区","03":"盘龙区"}},"03":{"name":"曲靖市","district":{"21":"马龙县","22":"陆良县","23":"师宗县","24":"罗平县","25":"富源县","26":"会泽县","28":"沾益县","81":"宣威市","00":"曲靖市","01":"市辖区","02":"麒麟区"}},"04":{"name":"玉溪市","district":{"21":"江川县","22":"澄江县","23":"通海县","24":"华宁县","25":"易门县","26":"峨山彝族自治县","27":"新平彝族傣族自治县","28":"元江哈尼族彝族傣族自治县","00":"玉溪市","01":"市辖区","02":"红塔区"}},"05":{"name":"保山市","district":{"21":"施甸县","22":"腾冲县","23":"龙陵县","24":"昌宁县","00":"保山市","01":"市辖区","02":"隆阳区"}},"06":{"name":"昭通市","district":{"21":"鲁甸县","22":"巧家县","23":"盐津县","24":"大关县","25":"永善县","26":"绥江县","27":"镇雄县","28":"彝良县","29":"威信县","30":"水富县","00":"昭通市","01":"市辖区","02":"昭阳区"}},"07":{"name":"丽江市","district":{"21":"玉龙纳西族自治县","22":"永胜县","23":"华坪县","24":"宁蒗彝族自治县","00":"丽江市","01":"市辖区","02":"古城区"}},"08":{"name":"思茅市","district":{"21":"普洱哈尼族彝族自治县","22":"墨江哈尼族自治县","23":"景东彝族自治县","24":"景谷傣族彝族自治县","25":"镇沅彝族哈尼族拉祜族自治县","26":"江城哈尼族彝族自治县","27":"孟连傣族拉祜族佤族自治县","28":"澜沧拉祜族自治县","29":"西盟佤族自治县","00":"思茅市","01":"市辖区","02":"翠云区"}},"09":{"name":"临沧市","district":{"21":"凤庆县","22":"云县","23":"永德县","24":"镇康县","25":"双江拉祜族佤族布朗族傣族自治县","26":"耿马傣族佤族自治县","27":"沧源佤族自治县","00":"临沧市","01":"市辖区","02":"临翔区"}}}},"54":{"name":"西藏自治区","city":{"21":{"name":"昌都地区","district":{"21":"昌都县","22":"江达县","23":"贡觉县","24":"类乌齐县","25":"丁青县","26":"察雅县","27":"八宿县","28":"左贡县","29":"芒康县","32":"洛隆县","33":"边坝县","00":"昌都地区"}},"22":{"name":"山南地区","district":{"21":"乃东县","22":"扎囊县","23":"贡嘎县","24":"桑日县","25":"琼结县","26":"曲松县","27":"措美县","28":"洛扎县","29":"加查县","31":"隆子县","32":"错那县","33":"浪卡子县","00":"山南地区"}},"23":{"name":"日喀则地区","district":{"22":"南木林县","23":"江孜县","24":"定日县","25":"萨迦县","26":"拉孜县","27":"昂仁县","28":"谢通门县","29":"白朗县","30":"仁布县","31":"康马县","32":"定结县","33":"仲巴县","34":"亚东县","35":"吉隆县","36":"聂拉木县","37":"萨嘎县","38":"岗巴县","00":"日喀则地区","01":"日喀则市"}},"24":{"name":"那曲地区","district":{"21":"那曲县","22":"嘉黎县","23":"比如县","24":"聂荣县","25":"安多县","26":"申扎县","27":"索县","28":"班戈县","29":"巴青县","30":"尼玛县","00":"那曲地区"}},"25":{"name":"阿里地区","district":{"21":"普兰县","22":"札达县","23":"噶尔县","24":"日土县","25":"革吉县","26":"改则县","27":"措勤县","00":"阿里地区"}},"26":{"name":"林芝地区","district":{"21":"林芝县","22":"工布江达县","23":"米林县","24":"墨脱县","25":"波密县","26":"察隅县","27":"朗县","00":"林芝地区"}},"00":{"name":"西藏自治区","district":{"00":"西藏自治区"}},"01":{"name":"拉萨市","district":{"21":"林周县","22":"当雄县","23":"尼木县","24":"曲水县","25":"堆龙德庆县","26":"达孜县","27":"墨竹工卡县","00":"拉萨市","01":"市辖区","02":"城关区"}}}},"61":{"name":"陕西省","city":{"10":{"name":"商洛市","district":{"21":"洛南县","22":"丹凤县","23":"商南县","24":"山阳县","25":"镇安县","26":"柞水县","00":"商洛市","01":"市辖区","02":"商州区"}},"00":{"name":"陕西省","district":{"00":"陕西省"}},"01":{"name":"西安市","district":{"11":"灞桥区","12":"未央区","13":"雁塔区","14":"阎良区","15":"临潼区","16":"长安区","22":"蓝田县","24":"周至县","25":"户县","26":"高陵县","00":"西安市","01":"市辖区","02":"新城区","03":"碑林区","04":"莲湖区"}},"02":{"name":"铜川市","district":{"22":"宜君县","00":"铜川市","01":"市辖区","02":"王益区","03":"印台区","04":"耀州区"}},"03":{"name":"宝鸡市","district":{"22":"凤翔县","23":"岐山县","24":"扶风县","26":"眉县","27":"陇县","28":"千阳县","29":"麟游县","30":"凤县","31":"太白县","00":"宝鸡市","01":"市辖区","02":"渭滨区","03":"金台区","04":"陈仓区"}},"04":{"name":"咸阳市","district":{"22":"三原县","23":"泾阳县","24":"乾县","25":"礼泉县","26":"永寿县","27":"彬县","28":"长武县","29":"旬邑县","30":"淳化县","31":"武功县","81":"兴平市","00":"咸阳市","01":"市辖区","02":"秦都区","03":"杨凌区","04":"渭城区"}},"05":{"name":"渭南市","district":{"21":"华县","22":"潼关县","23":"大荔县","24":"合阳县","25":"澄城县","26":"蒲城县","27":"白水县","28":"富平县","81":"韩城市","82":"华阴市","00":"渭南市","01":"市辖区","02":"临渭区"}},"06":{"name":"延安市","district":{"21":"延长县","22":"延川县","23":"子长县","25":"志丹县","26":"吴旗县","27":"甘泉县","28":"富县","29":"洛川县","30":"宜川县","31":"黄龙县","32":"黄陵县","00":"延安市","01":"市辖区","02":"宝塔区"}},"07":{"name":"汉中市","district":{"21":"南郑县","22":"城固县","23":"洋县","24":"西乡县","25":"勉县","26":"宁强县","27":"略阳县","28":"镇巴县","29":"留坝县","30":"佛坪县","00":"汉中市","01":"市辖区","02":"汉台区"}},"08":{"name":"榆林市","district":{"21":"神木县","22":"府谷县","23":"横山县","24":"靖边县","25":"定边县","26":"绥德县","27":"米脂县","28":"佳县","29":"吴堡县","30":"清涧县","31":"子洲县","00":"榆林市","01":"市辖区","02":"榆阳区"}},"09":{"name":"安康市","district":{"21":"汉阴县","22":"石泉县","23":"宁陕县","24":"紫阳县","25":"岚皋县","26":"平利县","27":"镇坪县","28":"旬阳县","29":"白河县","00":"安康市","01":"市辖区","02":"汉滨区"}}}},"62":{"name":"甘肃省","city":{"10":{"name":"庆阳市","district":{"21":"庆城县","22":"环县","23":"华池县","24":"合水县","25":"正宁县","26":"宁县","27":"镇原县","00":"庆阳市","01":"市辖区","02":"西峰区"}},"11":{"name":"定西市","district":{"21":"通渭县","22":"陇西县","23":"渭源县","24":"临洮县","25":"漳县","26":"岷县","00":"定西市","01":"市辖区","02":"安定区"}},"26":{"name":"陇南地区","district":{"21":"武都县","23":"宕昌县","24":"成县","25":"康县","26":"文县","27":"西和县","28":"礼县","29":"两当县","30":"徽县","00":"陇南地区"}},"29":{"name":"临夏回族自治州","district":{"21":"临夏县","22":"康乐县","23":"永靖县","24":"广河县","25":"和政县","26":"东乡族自治县","27":"积石山保安族东乡族撒拉族自治县","00":"临夏回族自治州","01":"临夏市"}},"30":{"name":"甘南藏族自治州","district":{"21":"临潭县","22":"卓尼县","23":"舟曲县","24":"迭部县","25":"玛曲县","26":"碌曲县","27":"夏河县","00":"甘南藏族自治州","01":"合作市"}},"00":{"name":"甘肃省","district":{"00":"甘肃省"}},"01":{"name":"兰州市","district":{"11":"红古区","21":"永登县","22":"皋兰县","23":"榆中县","00":"兰州市","01":"市辖区","02":"城关区","03":"七里河区","04":"西固区","05":"安宁区"}},"02":{"name":"嘉峪关市","district":{"00":"嘉峪关市","01":"市辖区"}},"03":{"name":"金昌市","district":{"21":"永昌县","00":"金昌市","01":"市辖区","02":"金川区"}},"04":{"name":"白银市","district":{"21":"靖远县","22":"会宁县","23":"景泰县","00":"白银市","01":"市辖区","02":"白银区","03":"平川区"}},"05":{"name":"天水市","district":{"21":"清水县","22":"秦安县","23":"甘谷县","24":"武山县","25":"张家川回族自治县","00":"天水市","01":"市辖区","02":"秦城区","03":"北道区"}},"06":{"name":"武威市","district":{"21":"民勤县","22":"古浪县","23":"天祝藏族自治县","00":"武威市","01":"市辖区","02":"凉州区"}},"07":{"name":"张掖市","district":{"21":"肃南裕固族自治县","22":"民乐县","23":"临泽县","24":"高台县","25":"山丹县","00":"张掖市","01":"市辖区","02":"甘州区"}},"08":{"name":"平凉市","district":{"21":"泾川县","22":"灵台县","23":"崇信县","24":"华亭县","25":"庄浪县","26":"静宁县","00":"平凉市","01":"市辖区","02":"崆峒区"}},"09":{"name":"酒泉市","district":{"21":"金塔县","22":"安西县","23":"肃北蒙古族自治县","24":"阿克塞哈萨克族自治县","81":"玉门市","82":"敦煌市","00":"酒泉市","01":"市辖区","02":"肃州区"}}}},"63":{"name":"青海省","city":{"21":{"name":"海东地区","district":{"21":"平安县","22":"民和回族土族自治县","23":"乐都县","26":"互助土族自治县","27":"化隆回族自治县","28":"循化撒拉族自治县","00":"海东地区"}},"22":{"name":"海北藏族自治州","district":{"21":"门源回族自治县","22":"祁连县","23":"海晏县","24":"刚察县","00":"海北藏族自治州"}},"23":{"name":"黄南藏族自治州","district":{"21":"同仁县","22":"尖扎县","23":"泽库县","24":"河南蒙古族自治县","00":"黄南藏族自治州"}},"25":{"name":"海南藏族自治州","district":{"21":"共和县","22":"同德县","23":"贵德县","24":"兴海县","25":"贵南县","00":"海南藏族自治州"}},"26":{"name":"果洛藏族自治州","district":{"21":"玛沁县","22":"班玛县","23":"甘德县","24":"达日县","25":"久治县","26":"玛多县","00":"果洛藏族自治州"}},"27":{"name":"玉树藏族自治州","district":{"21":"玉树县","22":"杂多县","23":"称多县","24":"治多县","25":"囊谦县","26":"曲麻莱县","00":"玉树藏族自治州"}},"28":{"name":"海西蒙古族藏族自治州","district":{"21":"乌兰县","22":"都兰县","23":"天峻县","00":"海西蒙古族藏族自治州","01":"格尔木市","02":"德令哈市"}},"00":{"name":"青海省","district":{"00":"青海省"}},"01":{"name":"西宁市","district":{"21":"大通回族土族自治县","22":"湟中县","23":"湟源县","00":"西宁市","01":"市辖区","02":"城东区","03":"城中区","04":"城西区","05":"城北区"}}}},"64":{"name":"宁夏回族自治区","city":{"00":{"name":"宁夏回族自治区","district":{"00":"宁夏回族自治区"}},"01":{"name":"银川市","district":{"22":"贺兰县","81":"灵武市","00":"银川市","01":"市辖区","04":"兴庆区","05":"西夏区","06":"金凤区"}},"02":{"name":"石嘴山市","district":{"21":"平罗县","00":"石嘴山市","01":"市辖区","02":"大武口区","05":"惠农区"}},"03":{"name":"吴忠市","district":{"23":"盐池县","24":"同心县","81":"青铜峡市","00":"吴忠市","01":"市辖区","02":"利通区"}},"04":{"name":"固原市","district":{"22":"西吉县","23":"隆德县","24":"泾源县","25":"彭阳县","00":"固原市","01":"市辖区","02":"原州区"}},"05":{"name":"中卫市","district":{"21":"中宁县","22":"海原县","00":"中卫市","01":"市辖区","02":"沙坡头区"}}}},"65":{"name":"新疆维吾尔自治区","city":{"21":{"name":"吐鲁番地区","district":{"22":"鄯善县","23":"托克逊县","00":"吐鲁番地区","01":"吐鲁番市"}},"22":{"name":"哈密地区","district":{"22":"巴里坤哈萨克自治县","23":"伊吾县","00":"哈密地区","01":"哈密市"}},"23":{"name":"昌吉回族自治州","district":{"23":"呼图壁县","24":"玛纳斯县","25":"奇台县","27":"吉木萨尔县","28":"木垒哈萨克自治县","00":"昌吉回族自治州","01":"昌吉市","02":"阜康市","03":"米泉市"}},"27":{"name":"博尔塔拉蒙古自治州","district":{"22":"精河县","23":"温泉县","00":"博尔塔拉蒙古自治州","01":"博乐市"}},"28":{"name":"巴音郭楞蒙古自治州","district":{"22":"轮台县","23":"尉犁县","24":"若羌县","25":"且末县","26":"焉耆回族自治县","27":"和静县","28":"和硕县","29":"博湖县","00":"巴音郭楞蒙古自治州","01":"库尔勒市"}},"29":{"name":"阿克苏地区","district":{"22":"温宿县","23":"库车县","24":"沙雅县","25":"新和县","26":"拜城县","27":"乌什县","28":"阿瓦提县","29":"柯坪县","00":"阿克苏地区","01":"阿克苏市"}},"30":{"name":"克孜勒苏柯尔克孜自治州","district":{"22":"阿克陶县","23":"阿合奇县","24":"乌恰县","00":"克孜勒苏柯尔克孜自治州","01":"阿图什市"}},"31":{"name":"喀什地区","district":{"21":"疏附县","22":"疏勒县","23":"英吉沙县","24":"泽普县","25":"莎车县","26":"叶城县","27":"麦盖提县","28":"岳普湖县","29":"伽师县","30":"巴楚县","31":"塔什库尔干塔吉克自治县","00":"喀什地区","01":"喀什市"}},"32":{"name":"和田地区","district":{"21":"和田县","22":"墨玉县","23":"皮山县","24":"洛浦县","25":"策勒县","26":"于田县","27":"民丰县","00":"和田地区","01":"和田市"}},"40":{"name":"伊犁哈萨克自治州","district":{"21":"伊宁县","22":"察布查尔锡伯自治县","23":"霍城县","24":"巩留县","25":"新源县","26":"昭苏县","27":"特克斯县","28":"尼勒克县","00":"伊犁哈萨克自治州","02":"伊宁市","03":"奎屯市"}},"42":{"name":"塔城地区","district":{"21":"额敏县","23":"沙湾县","24":"托里县","25":"裕民县","26":"和布克赛尔蒙古自治县","00":"塔城地区","01":"塔城市","02":"乌苏市"}},"43":{"name":"阿勒泰地区","district":{"21":"布尔津县","22":"富蕴县","23":"福海县","24":"哈巴河县","25":"青河县","26":"吉木乃县","00":"阿勒泰地区","01":"阿勒泰市"}},"90":{"name":"省直辖行政单位","district":{"00":"省直辖行政单位","01":"石河子市","02":"阿拉尔市","03":"图木舒克市","04":"五家渠市"}},"00":{"name":"新疆维吾尔自治区","district":{"00":"新疆维吾尔自治区"}},"01":{"name":"乌鲁木齐市","district":{"21":"乌鲁木齐县","00":"乌鲁木齐市","01":"市辖区","02":"天山区","03":"沙依巴克区","04":"新市区","05":"水磨沟区","06":"头屯河区","07":"达坂城区","08":"东山区"}},"02":{"name":"克拉玛依市","district":{"00":"克拉玛依市","01":"市辖区","02":"独山子区","03":"克拉玛依区","04":"白碱滩区","05":"乌尔禾区"}}}},"71":{"name":"台湾省","city":{"00":{"name":"台湾省","district":{"00":"台湾省"}}}},"81":{"name":"香港特别行政区","city":{"00":{"name":"香港特别行政区","district":{"00":"香港特别行政区"}}}},"82":{"name":"澳门特别行政区","city":{"00":{"name":"澳门特别行政区","district":{"00":"澳门特别行政区"}}}}}